scent_id,series,status,sort_order,name_zh,name_en,name_ko,top_zh,top_en,top_ko,heart_zh,heart_en,heart_ko,base_zh,base_en,base_ko,supplier_zh,supplier_en,supplier_ko,fragrance_ratio,updated_at
MPS001,masterpiece,active,10,作梦,DREAM LAND,꿈결,玫瑰、老鹳草,"Rose, Geranium","장미, 제라늄",玫瑰草,Palmarosa,팔마로사,广藿香、橡木苔、蜂蜜,"Patchouli, Oakmoss, Honey","패출리, 오크모스, 허니",美国 CandleScience 进口香薰精油,CandleScience Imported Fragrance Oil,미국 CandleScience 수입 프래그런스 오일,10%,2026-10-05
MPS002,masterpiece,active,20,白色口袋,WHITE POCKET,하얀 주머니,红醋栗、柠檬皮、清新空气,"Red Currant, Lemon Peel, Fresh Air","레드커런트, 레몬 필, 프레시 에어",天竺葵、杜松,"Geranium, Juniper","제라늄, 주니퍼",黑醋栗、薄荷,"Black Currant, Mint","블랙커런트, 민트",美国 CandleScience 进口香薰精油,CandleScience Imported Fragrance Oil,미국 CandleScience 수입 프래그런스 오일,10%,2026-10-05
MPS003,masterpiece,active,30,无为,NOTHING,비움,佛手柑、柑橘,"Bergamot, Citrus","베르가못, 시트러스",百里香、茉莉、姜,"Thyme, Jasmine, Ginger","타임, 재스민, 진저",绿茶、菊花,"Green Tea, Chrysanthemum","그린티, 국화",美国 CandleScience 进口香薰精油,CandleScience Imported Fragrance Oil,미국 CandleScience 수입 프래그런스 오일,10%,2026-10-05
MPS004,masterpiece,active,40,志留纪,SILURIAN PERIOD,태고의 시간,柠檬草、雪水,"Lemongrass, Snow Water","레몬그라스, 스노우 워터",青草、绿叶,"Fresh Grass, Green Leaves","싱그러운 풀, 그린 리프",鼠尾草、苔藓,"Sage, Moss","세이지, 모스",美国 CandleScience 进口香薰精油,CandleScience Imported Fragrance Oil,미국 CandleScience 수입 프래그런스 오일,10%,2026-10-05
MPS005,masterpiece,active,50,银河骑士,GALAXYKNIGHT,은하의 기사,海洋、凤梨,"Ocean, Pineapple","오션, 파인애플",薰衣草、青竹,"Lavender, Bamboo","라벤더, 대나무",黑麝香、琥珀、雪松,"Black Musk, Amber, Cedarwood","블랙 머스크, 앰버, 시더우드",美国 CandleScience 进口香薰精油,CandleScience Imported Fragrance Oil,미국 CandleScience 수입 프래그런스 오일,10%,2026-10-05
MPS006,masterpiece,active,60,查令十字街,CHARING CROSS STREET,채링크로스의 밤,柚木,Teakwood,티크우드,雪松、皮革、杏仁,"Cedarwood, Leather, Almond","시더우드, 레더, 아몬드",檀香、黑麝香,"Sandalwood, Black Musk","샌달우드, 블랙 머스크",美国 CandleScience 进口香薰精油,CandleScience Imported Fragrance Oil,미국 CandleScience 수입 프래그런스 오일,10%,2026-10-05
MPS007,masterpiece,active,70,渴,THIRSTY,목마름,柑橘,Citrus,시트러스,雪松、茉莉,"Cedarwood, Jasmine","시더우드, 재스민",檀香、琥珀、黑麝香,"Sandalwood, Amber, Black Musk","샌달우드, 앰버, 블랙 머스크",美国 CandleScience 进口香薰精油,CandleScience Imported Fragrance Oil,미국 CandleScience 수입 프래그런스 오일,10%,2026-10-05
MPS008,masterpiece,active,80,床笫之间,BETWEEN THE BEDS,시트 사이,藏红花、苹果,"Saffron, Apple","사프란, 사과",黑醋栗、黑莓、香草,"Black Currant, Blackberry, Vanilla","블랙커런트, 블랙베리, 바닐라",广藿香,Patchouli,패출리,美国 CandleScience 进口香薰精油,CandleScience Imported Fragrance Oil,미국 CandleScience 수입 프래그런스 오일,10%,2026-10-05
MPS009,masterpiece,active,90,暗夜阳光,DARKLIGHT,어둠 속의 빛,清新空气、柑橘,"Fresh Air, Citrus","프레시 에어, 시트러스",海盐、茉莉,"Sea Salt, Jasmine","씨솔트, 재스민",紫罗兰、雪松,"Violet, Cedarwood","바이올렛, 시더우드",美国 CandleScience 进口香薰精油,CandleScience Imported Fragrance Oil,미국 CandleScience 수입 프래그런스 오일,10%,2026-10-05
MPS010,masterpiece,active,100,爱上陌生人,LOVING STRANGERS,낯선 이에게 반하다,柑橘,Citrus,시트러스,黑樱桃、黑莓、李子,"Black Cherry, Blackberry, Plum","블랙 체리, 블랙베리, 플럼",小苍兰、香草,"Freesia, Vanilla","프리지아, 바닐라",美国 CandleScience 进口香薰精油,CandleScience Imported Fragrance Oil,미국 CandleScience 수입 프래그런스 오일,10%,2026-10-05
ADS001,advanced,active,10,东方花香调,Oriental Floral,오리엔탈 플로럴,柑橘、香柠檬、橙花油,"Citrus, Bergamot, Neroli","시트러스, 베르가못, 네롤리",蜜橘、芳香,"Mandarin, Aromatic Notes","만다린, 아로마틱 노트",咖啡、琥珀木、雪松,"Coffee, Amberwood, Cedarwood","커피, 앰버우드, 시더우드",法国 Robertet Group 进口香薰香精,Robertet Group Imported Fragrance,프랑스 Robertet Group 수입 향료,8%,2026-10-05
ADS002,advanced,active,20,水生麝香调,Aquatic Musk,아쿠아틱 머스크,气泡柑橘、加利福尼亚甜橙、卡拉布里亚香柠檬、青绿调,"Sparkling Citrus, California Sweet Orange, Calabrian Bergamot, Green Notes","스파클링 시트러스, 캘리포니아 스위트 오렌지, 칼라브리아 베르가못, 그린 노트",花香、海洋、水生,"Floral Notes, Marine Notes, Aquatic Notes","플로럴 노트, 마린 노트, 아쿠아틱 노트",维吉尼亚雪松、木香、麝香,"Virginia Cedarwood, Woody Notes, Musk","버지니아 시더우드, 우디 노트, 머스크",法国 Robertet Group 进口香薰香精,Robertet Group Imported Fragrance,프랑스 Robertet Group 수입 향료,8%,2026-10-05
ADS003,advanced,active,30,辛辣木质调,Spicy Woody,스파이시 우디,橙子、葡萄柚,"Orange, Grapefruit","오렌지, 자몽",胡椒、天竺葵属、火石,"Pepper, Geranium, Flint","페퍼, 제라늄, 플린트",香根草、雪松、广藿香、安息,"Vetiver, Cedarwood, Patchouli, Benzoin","베티버, 시더우드, 패출리, 벤조인",法国 Robertet Group 进口香薰香精,Robertet Group Imported Fragrance,프랑스 Robertet Group 수입 향료,8%,2026-10-05
CLS001,classic,active,10,西西里杏仁,Sicilian Almond,시칠리안 아몬드,杏仁、八角、香柠檬、橙子,"Almond, Star Anise, Bergamot, Orange","아몬드, 스타 아니스, 베르가못, 오렌지",茉莉、桃子、依兰,"Jasmine, Peach, Ylang-Ylang","재스민, 복숭아, 일랑일랑",香草、雪松、麝香、妥鲁香脂,"Vanilla, Cedarwood, Musk, Tolu Balsam","바닐라, 시더우드, 머스크, 톨루 발삼",上海依克塞汀香薰香精,Shanghai Excitin Fragrance,상하이 Excitin 향료,5%,2026-10-05
CLS002,classic,active,20,乌木与佛手柑,Oud & Bergamot,오우드 & 베르가못,雪松、香柠檬,"Cedarwood, Bergamot","시더우드, 베르가못",柠檬、橙子,"Lemon, Orange","레몬, 오렌지",佛手柑、沉香（乌木）,"Bergamot, Oud","베르가못, 오우드",上海依克塞汀香薰香精,Shanghai Excitin Fragrance,상하이 Excitin 향료,5%,2026-10-05
CLS003,classic,active,30,威斯汀白茶,Westin White Tea,웨스틴 화이트 티,柠檬、清香、茶,"Lemon, Fresh Notes, Tea","레몬, 프레시 노트, 티",白茶,White Tea,화이트 티,麝香,Musk,머스크,上海依克塞汀香薰香精,Shanghai Excitin Fragrance,상하이 Excitin 향료,5%,2026-10-05
